sample_id,filename,human_review (1-5)
L2A_000,L2A_000.wav,3
L2A_001,L2A_001.wav,4
L2A_002,L2A_002.wav,2
L2A_003,L2A_003.wav,1
L2A_004,L2A_004.wav,3
L2A_005,L2A_005.wav,2
L2A_007,L2A_007.wav,2
L2A_008,L2A_008.wav,4
L2A_009,L2A_009.wav,2
L2A_010,L2A_010.wav,3
L2A_011,L2A_011.wav,1
L2A_012,L2A_012.wav,3
L2A_014,L2A_014.wav,3
L2A_015,L2A_015.wav,2
L2A_016,L2A_016.wav,3
L2A_017,L2A_017.wav,3
L2A_019,L2A_019.wav,1
L2A_020,L2A_020.wav,1
L2A_021,L2A_021.wav,4
